id,title,description,link,image_link,price,condition,availability,brand
10,"Мазь RockSauce","Мазь для лечения суставов и мышц RockSauce – эффективное обезболивание в спортивной медицине

Ничто так не мешает тренировкам, как боль в суставах и мышцах. Острая или тупая – она не только не позволяет использовать ресурсы организма на 100%, но и значительно отвлекает спортсмена от его цели. Но что делать, ведь травмы неизбежны? Спортивные врачи компании RockTape разработали новое эффективное средство RockSauce.

Обезболивающая мазь RockSauce имеет ряд преимуществ перед обычными средствами от боли:


	Высокая концентрация активных веществ.
	Одновременное охлаждение, позволяющее убрать болевой синдром, и согревание, способствующее быстрому восстановлению мышц.
	Отсутствие в составе продуктов животного происхождения.
	Возможность использовать как самостоятельно, так и совместно с кинезиотейпом RockTape (средство не только обезболивает, но и очищает, за счёт чего тейп удерживается так же надежно, как и просто на очищенной коже).


Кроме того, мазь для лечения суставов и мышц RockSauce действительно работает: она создана специально для спортсменов и позволяет снять боль не только в состоянии покоя, но и при продолжении интенсивных тренировок.

Как использовать RockSauce:


	Небольшое количество мази нанесите на очищенную кожу травмированной области.
	Аккуратно втирайте мазь до полного впитывания.
	Обработанный участок можно покрыть повязкой, оставить открытым или провести на нем тейпирование.


Применение мази позволяет согревать мышцы и уменьшать болевой синдром в течение нескольких часов. При повторном появлении боли в суставах и мышцах мазь можно использовать вновь.

Предпочитаете профессиональные средства и не упускаете возможность улучшить спортивные результаты? Купить мазь от растяжений мышц RockSauce Вы можете прямо сейчас.

Активные компоненты:


	Метилсалицилат (20%)
	Ментол (10%)
	Капсацин (0,002%)


Неактивные компоненты:

Аминометил пропанол, экстракт листьев алоэ-вера, экстракт горной арники, карбомер, цетеариловый спирт, этилгексилглицерин, этилгексилпальмитат, глицерин, метилизотиазолин, пропиленгликоль, токоферолацетат, вода.


	Объем 88,5 мл (3 oz)",https://rocktape.ua/rock-sause,https://rocktape.ua/image/cache/data/480358206-300x300.png,"520 UAH",new,"out of stock","RockTape (США)"
66,"Наколенники Assassins","Новинка от RockTape! Абсолютное оружие для господства на тренировках – &quot;Assassins&quot; «Убийцы».

Совершенно новое поколение наколенников!

&quot;Assassins&quot; будут поддерживать, и охранять ваши колени от повреждений. Оказывают всестороннюю поддержку в ходе изнурительных тренировок. Защищают ваши колени от ссадин во время выпадов или препятствий на гонках. Могут быть использованы в различных спортивных и фитнес - занятиях: тяжелая атлетика, полоса препятствий, гонки, бег, езда на велосипеде, кроссфит и другие функциональные тренировки.


	Не сползают во время активности.
	Сохраняют коленный сустав в тепле между упражнениями.
	Предназначены для повышения производительности и увеличения эффективности тренировок.
	Бескомпромиссная защита!


Выше, чем стандартные наколенники. Это помогает обеспечить стабильность положения колена, и часто может значительно уменьшить неспецифические боли в колене, особенно при приседаниях.

&quot;Assassins&quot; созданы для конкуренции!

«Убийцы» были разработаны специально для спортсменов. Мы собрали все уникальные потребности и отзывы спортсменов, и создали наколенники &quot;Assassins&quot;. Мы считаем, что каждый спортсмен заслуживает два наколенника - вот почему «Убийцы» всегда продаются в паре.

&quot;Assassins&quot; почти неубиваемые!

Строгое соблюдение контроля качества, постоянное тестирование продукта обеспечивает Assassins экстра – высоким качеством, что позволяет им вынести бесчисленное количество тренировок. Компания RockTape в течение 3 лет &quot;собирала&quot; обратную связи от клиентов RockTape и профессиональных спортсменов, таких как Jason Khalipa, Ashley Horner, Marcus Filly, и Neal Maddox - чемпионов CrossFit Games 2008 года, чтобы обеспечить в конечном итоге максимальную защиту колена во время соревнований. 
 

Технические характеристики и преимущества:

 


	Особый высокопрочный материал SBR неопрен - долговечный и комфортный.
	Новая передняя поверхность наколенника - еще более комфортная, эластичная и долговечная. 
	Задняя поверхность выполнена из неопрена, который тянется во все 4 стороны, позволяя сохранить полную подвижность, мобильность, сохраняя полную амплитуду движения. 
	Двойные стежки и более широкие швы - залог &quot;неубиваемости&quot; новых Assasins. 
	Специальная вставка – 4-х полосная лайкра, которая позволяет обеспечить большую мягкость, воздухопроницаемость, эластичность.
	Обеспечивает стабилизацию коленного сустава при движении.
	Различные варианты защиты – толщина неопрена 5 мм или 7 мм.
	Совершенно уникальный органичный дизайн.
	Гарантия качества.


Определение размеров.

Размеры: XS, S, M, L, XL - для правильного подбора размера, измерьте обхват колена по центру коленной чашечки прямой ноги.

В комплекте - 2 наколенника.
 


	
	Размерная сетка
	
	
		
			Размер
			Обхват колена
		
		
			S
			25-32 см
		
		
			M
			32-35 см
		
		
			L
			35-37 см
		
		
			XL
			37 и больше см 
		
	


 





​",https://rocktape.ua/assassins,https://rocktape.ua/image/cache/data/product/assassins_red_camo-300x300.jpg,"1395 UAH",new,"in stock","RockTape (США)"
58,"Перчатки Talons","Перчатки TALONS – новое поколение перчаток от RockTape

Перчатки Talons пришли на смену перчаткам G-Loves от RockTape. Теперь тренироваться в перчатках станет еще более комфортно, безопасно и эффективно.  

Современная защита G-LOVES уже заслужила любовь профессиональных спортсменов, однако новое поколение перчаток TALONS стало еще более идеальным. Сохранив все преимущества предыдущей модели, специалисты компании RockTape усовершенствовали характеристики новой модели и сделали их еще более функциональными и комфортными. 


	Отсутствие швов на ладонях (что крайне важно для велосипедных перчаток).
	Высокая чувствительность (надев перчатки, Вы сможете работать даже с сенсорным экраном).
	Силиконовая вставка, обеспечивающая оптимальную поддержку мышц (что важно при работе с большим весом; данный аспект следует учитывать, например, выбирая перчатки для бодибилдинга).
	Специальный захват большого пальца, который дает дополнительную защиту.
	Удобные петли.
	Воздухопроницаемая боковая поверхность.
	Оптимальное впитывание пота, что важно при интенсивных занятиях и играет роль, например, при выборе перчаток для фитнеса или работы с весом.
	Возможность использования (мела) магнезии.
	Более прочный материал, который позволит дольше служить перчаткам и выдерживать даже самые суровые условия. 


Забудьте о травмах – сосредоточьтесь на результатах с защитой TALONS. 


	Размерная сетка
	
		
			
			Размер
			
			
			Обхват ладони*
			
		
		
			
			XS
			
			
			менее 15 см
			
		
		
			
			S
			
			
			15-18 см
			
		
		
			
			M
			
			
			18-20 см
			
		
		
			
			L
			
			
			20-23 см
			
		
		
			
			XL
			
			
			25 и больше см
			
		
	


*Для правильного подбора размера, измерьте обхват ладони чуть ниже &quot;костяшки&quot; пальцев, не захватывая большой палец.",https://rocktape.ua/talons,https://rocktape.ua/image/cache/data/product/talons_main-300x300.jpg,"945 UAH",new,"in stock","RockTape (США)"
1,"Kинезио тейп Classic (5см х 5м)","Спортивные тейпы RockTape – лучшее, что сделано спортивной медициной

Спортивные тейпы RockTape – настоящий прорыв в кинезио тейпировании. Благодаря разработке учёных из США тейпирование стало более эффективным, а результаты спортсменов значительно улучшились.

В чём же секрет kinesio tape от RockTape?


	Эластичность – по данному показателю RockTape в несколько раз опережает подобные товары. Благодаря уникальному составу и технологии производства эти американские тейпы растягиваются на 190%, что аналогично свойствам кожи.
	Состав – 3% нейлона и 97% хлопка – на данный момент это лучшая пропорция, которая в сочетании со специфическим плетением дает отличную поддержку мышц и при этом сохраняет высокую эластичность ленты.
	Клеевая основа – стойкая и не вызывающая аллергических реакций. За счёт плотного крепления эффект после кинезио тейпирования сохраняется 5 дней вне зависимости от интенсивности нагрузок.
	Водостойкость – тейп не мешает спортсмену вести обычный образ жизни и не требует особого внимания после тейпирования.


Травмы – больше не проблема

Благодаря вышеперечисленным особенностям спортивных тейпов RockTape появляется возможность проводить тренировки любой сложности, не опасаясь травм. Кроме того, если растяжение или другая травма уже есть, kinesio tape позволяет уменьшить боль, ускорить заживление и не прерывать тренировок в период восстановления.

Kinesiology tape – лучшее решение для спортсменов, которые стремятся к высоким результатам.

Купить кинезио тейпы в Украине достаточно просто – их предлагают многие магазины. Мы являемся официальным представителем спортивных тейпов RockTape и предлагаем Вам ряд преимуществ:


	Лучшие цены.
	Удобная и быстрая доставка.
	Широкий ассортимент оригинальных kinesiology tape от RockTape.


Не откладывайте достижение новых вершин «на потом» – позвоните нашему менеджеру и узнайте, как купить кинезио тейпы от RockTape в Украине прямо сейчас.",https://rocktape.ua/kinesio-tape-classic,https://rocktape.ua/image/cache/data/product/5x5_small_navy_blue-300x300.jpg,"420 UAH",new,"in stock","RockTape (США)"
56,"Женская футболка RockSauce","Женская футболка Next Level с лого RockSauce для кроссфита

Женская футболка производства американсокй компании Next Level с логотипом RockSauce создана специально для кроссфита и других интенсивных занятий. Если вы любите спорт, хотите достичь отличных результатов и всегда выглядеть отлично – эта футболка для вас.

Женская футболка RockSauce для Crossfit – улучшаем результаты

Несомненно, кроссфит – занятие для тех, кто умеет достигать целей и не останавливается на половине пути. Можно ли приблизить цель и увеличить эффективность тренировок с помощью одежды? Конечно, если это женская футболка RockSauce для тренировок, ведь она:


	Повышает комфорт тренировок – так как отлично впитывает влагу и способствует ее испарению.
	Дышит и при этом поддерживает температуру разогретых мышц.
	Имеет специальные швы, которые не натирают кожу даже при интенсивных тренировках.
	Стильно выглядит и подчеркивает все рельефы мышц, мотивируя заниматься еще интенсивнее.


Если вы любите спорт, хотите оставаться женственной и покорять новые вершины – женская футболка RockSauce для тренировок создана именно для вас.
 


	
		
			Женская модель
			S
			M
			L
		
		
			Длина (от плеча до основания)
			64 см
			66 см
			68 см
		
		
			Ширина (по талии в самом широком месте)
			37 см
			40 см
			41,5 см",https://rocktape.ua/womens-rocktsauce-tee,https://rocktape.ua/image/cache/data/product/Rock_Sauce_wom_tshirt-300x300.jpg,"490 UAH",new,"in stock","RockTape (США)"
78,"Защита локтей Assassins Elbow","p.p1 {margin: 0.0px 0.0px 0.0px 0.0px; font: 14.0px Times; color: #3a3a3a}
li.li1 {margin: 0.0px 0.0px 0.0px 0.0px; font: 14.0px Times; color: #3a3a3a}
span.s1 {letter-spacing: 0.0px}
ul.ul1 {list-style-type: disc}



НОВИНКА! У наших невероятно популярных наколенников Assassins Knee Sleeves появился «младший брат» – защита локтей Assassins Elbow!

В чем преимущества:


	Обеспечивает поддержку суставам во время изнурительных тренировок.
	Защищает локти от повреждений при выполнении упражнений.
	Благодаря продуманной конструкции налокотники не сползают во время активности.
	Сохраняют локтевые суставы в тепле в перерывах между подходами.
	Способствуют уменьшению неспецифической боли в локте.


Assassins Elbow можно использовать для занятий в любом виде спорта, в том числе: интервальные тренировки высокой интенсивности, гонки с препятствиями, велоезда, функциональный тренинг, гиревой спорт – список бесконечен.

Созданы для соревнований

Мы сконструировали нашу новинку, опираясь на мнение и потребности атлетов. Чтобы достичь максимальных показателей, мы переделывали и дополняли защиту в течение 3 лет, вносили изменения, о которых нас просили наши клиенты и топовые спортсмены, тестировавшие продукт: Эшли Хорнер Ashley Horner), Маркус Фили (Marcus Filly), Нил Мэдокс (Neal Maddox).

И как результат – пара налокотников, которая подойдет и для выступления на самых сложных и тяжелых силовых соревнованиях, и для ежедневных тренировок.

Бескомпромиссная ценность

Ценовая политика защитной экипировки должна быть разумной и сделать этот продукт доступным для всех. При этом качество должно быть на высоте. Это наша задача. Еще мы верим, что каждый атлет, приобретая защиту, должен получать сразу пару, поэтому мы комплектуем Assassins Elbow по 2 шт.

«Убить» практически невозможно

Налокотники созданы на основе синтетического каркаса, который пришит к SBR-неопрену при помощи надежного двойного шва. Такая конструкция обеспечивает комфортную поддержку суставу в течение многих-многих тренировок.

Мы безжалостно тестировали Assassins Elbow. Это делали наши атлеты и специальные автоматические приборы. Именно поэтому мы так уверены в качестве этой защиты, и являемся единственной компанией на рынке, которая дает годовую гарантию на такое изделие с даты покупки.

Характеристики


	Толщина – 4 мм.
	В комплекте 2 шт.
	Из SBR неопрена (устойчив к внешним воздействиям, перепадам температур, имеет низкую остаточную деформацию, эластичен, прочен, экологичен, безопасен для здоровья).
	Двойная прострочка.
	Износостойкие, гибкие передние вкладки.
	Боковые вставки из лайкры, которая растягивается в 4 направлениях.


Размеры

Измерьте обхват руки непосредственно над локтевым суставом. Если ваши мерки находятся на предельной границе размерного ряда, мы советуем взять следующий размер.

S: 20 - 25 см

M: 25 - 36 см

L: 36 - 46 см

XL: 46 см - 51 см

2XL: более 51 см

Поначалу налокотники могут показаться тугими. Это нормально. Необходима разноска (обычно, это несколько тренировок).",https://rocktape.ua/assassins-elbow,https://rocktape.ua/image/cache/data/локти-300x300.png,"995 UAH",new,"in stock","RockTape (США)"
57,"Кистевые бинты RockWrist ","Купить кистевые бинты RockWrist -  защити запястья от травм

Применять защиту для запястей - еще не означает, что Ваши кисти слабые. Нашим запястьям в любом случае всегда нужна дополнительная поддержка во время тяжелых тренировок. 

Идеально данная защита для запястей подойдет атлетам, которые занимаются по системе CrossFit, а именно при выполнении: 


	фронтальных приседаний; 
	толчков; 
	рывков; 
	взятий на грудь; 
	жимов; 
	швунгов; 
	трастеров; 
	работой с гирями; 
	работа на турнике; 
	других упражнений, где нагрузка приходится на суставы кисти. 


Размер RockWrist - универсальный. Длина - 54 см; ширина - 6,5 см. 

Будьте дольше сильными вместе с RockTape.",https://rocktape.ua/rockwrist,https://rocktape.ua/image/cache/data/product/rockwrist_main-300x300.jpg,"595 UAH",new,"in stock","RockTape (США)"
60,"Мазь RockSauce Chill","Купить обезболивающую мазь Rocktape RockSauce Chill - значит снять мышечный дискомфорт, снизить болевой синдром, отдалить момент наступления усталости во время тренировок или соревнований у спортсменов. 

С обезболивающей мазью RockSause Chill - боль позади 

Охлаждающая мазь RockSauce Chill имеет в составе 6% ментол и другие активные ингредиенты, благодаря которым обеспечивается мощный поток прохлады. RockSauce Chill имеет роликовый аппликатор - его очень удобно и быстро наносить всегда и везде, при этом не вымазывая руки. Достаточно сделать несколько движений аппликатором и обезболивающая мазь начнет работать. 
 

Характеристики и приемущества RockSauce Chill от RockTape:  


	
	Сильнее, чем многие аналоги (6% ментол в составе); 
	
	
	Обеспечивает почти мгновенное ощущение охлаждения, которое длится несколько часов;
	
	
	Может использоваться отдельно или в сочетании с кинезио тейпами RockTape;
	
	
	Можно хранить в холодильнике для более сильного охлаждения
	


Обезболивающую мазь RockSause Chill купить можно в нашем интернет-магазине с доставкой по всей Украине. 

Компания RockTape разрабатывает только высококачественные продукты и помогает “Go stronger, longer”.",https://rocktape.ua/rock-sause-chill,https://rocktape.ua/image/cache/data/480348355-300x300.png,"440 UAH",new,"in stock","RockTape (США)"
62,"Массажные мячи RockBalls","Массажные мячи RockTape RockBalls для миофасциального релиза высокоточно и эффективно расслабят ваши мышцы.

Миофасциальный релиз — это один из самых мягких и эффективных методов мануальной терапии. По своей эффективности он во многом превосходит другие методы.

Купить массажные мячи RockBalls – значит освободиться от напряжения

С помощью массажных мячей от RockTape можно быстро устранить болевой синдром, восстанавить работу позвоночника, оказать воздействие на мышцы и фасции, освободить «зажатые» нервы и напряжённые мышцы.

Постоянное сжатие околопозвоночных мышц приводит к напряжению позвоночника. Напряжённые мышцы, как резина, всё время смещают позвонки в неправильном направлении. Вот почему первым важнейшим шагом к выздоровлению является освобождение позвоночника от перенапряжения. И здесь миофасциальный релиз даёт прекрасную возможность сделать это мягко и безопасно.

RockBalls от RockTape продаются в паре, где один большой мяч с шипами, а другой - гладкий шар. 

Два - лучше, чем один :)




Посмотрите все видео-инструкции с массажными мячиками в нашем специальном материале.",https://rocktape.ua/rockballs,https://rocktape.ua/image/cache/data/product/rock-balls-main-300x300.jpg,"545 UAH",new,"in stock","RockTape (США)"
72,"Массажный ролик RockNRoller HD","Массажный ролик от RockTape - незаменимый помошник в реабилитации

Ролики RocknRoller являются идеальным помощником в реабилитации, развитии подвижности и улучшении атлетических способностей, обеспечивая сбалансированные функциональные нагрузки.

Ролики RocknRoller– это эффективные средства, которые позволяют с помощью массажа расслабить мышцы и снять стресс. Они ускоряют капиллярный кровоток, уменьшают венозный застой и повышают кожно-мышечный тонус.

Небольшие размеры данных аксессуаров позволяют переносить их в сумке и использовать в разных спортивных программах.

Массажный ролик RocknRoller HD 45 обеспечивает глубокую проработку мышц и фасций. Тренируясь с массажным роликом RocknRoller HD 45, вы расслабите даже самые мелкие мышцы вашего организма.

Причины боли в спине разнообразны:


	Крепатура;
	Травмы;
	Растяжение мышц;
	Слабость мышечного корсета;
	Нарушения микроциркуляции;


Преимущества:


	Массаж роликом RockNRoller HD 45 уменьшит интенсивность болевого синдрома и устранит причину боли при регулярном правильном применении;


Характеристики:

 


	Длина ролика - 45 см
	Диаметр - 15 см
	Вес - 0,3 кг
	Производство - США/Корея
	Цвет - черный",https://rocktape.ua/rocknroller-hd,https://rocktape.ua/image/cache/data/543899173-300x300.png,"780 UAH",new,"in stock","RockTape (США)"
51,"Массажный цилиндр RockNRoller","Массажный роллер RocknRoller от RockTape

Массажный роллер RocknRoller от компании RockTape – это еще одна совместная разработка спортивных врачей и реабилитологов. Массажный роллер имеет специальную конструкцию, каждая деталь которой выполняет свою функцию.

Роликовый массажер – конструкция, продлевающая здоровье ваших мышц

Роликовый массажер представляет собой цилиндр из специального прочного материала длиной 45 см и диаметром 14 см. На поверхности валика для массажа присутствуют выступы различного размера, которые при массаже позволяют расслабить даже мелкие мышцы. Сбоку цилиндр закрывается крышкой, что позволяет в полом пространстве внутри цилиндра хранить ремешок, мячи RockTape или другие необходимые аксессуары.

Купить RockTape RocknRoller – забыть о боли в мышцах

 Наиболее частыми причинами мышечной боли являются:


	Крепатура;
	Растяжение мышц;
	Слабость мышечного корсета;
	Нарушения микроциркуляции;
	Травмы.


Массаж, в том числе специальным массажным роликом, позволяет уменьшить интенсивность болевого синдрома и устранить причину боли при регулярном правильном применении.

Как работает массажный ролик для миофасциального релиза

Массажный ролик для мышц RocknRoller оказывает прямое и непрямое действие на мышцы спины и мышечный корсет в целом. В частности, к прямому действию можно отнести:


	Раздражение мышц спины и нервных окончаний, вследствие чего улучшает приток крови, ускоряется метаболизм в данных мышцах и стимулируются регенеративные процессы и выведение продуктов метаболизма.
	Механическое влияние на мышцы (так называемая «пассивная активность»), вследствие этого отмечается попеременное сокращение и расслабление мышц, как при физической активности. При этом прорабатываются мышцы, которые не участвуют в большинстве «активных» упражнений.


Кроме того, купив RockTape RocknRoller и правильно его используя, можно получить и опосредованное положительное влияние на причины мышечной боли и организм в целом. В частности, к такому типу влияния массажа относят:


	Рефлекторное влияние – активируя нервные окончания и рефлекторные дуги, массаж спины с помощью ролика позволяет улучшить работу внутренних органов, повысить иммунитет и запустить процессы регенерации тканей.
	Общеоздоровительное действие – активация микроциркуляции и рефлекторное влияние массажа позволяют повысить жизненную энергию, расслабиться, а также улучшить работу всех органов и систем.


Купить массажный цилиндр от RockTape

Наш магазин предлагает купить массажный цилиндр по наиболее привлекательной цене – мы не работаем с посредниками, а получаем продукцию напрямую от производителя, соответственно, избегаем лишних наценок. Для того чтобы купить массажный ролик RokcRoller – просто добавьте его в корзину и оформите покупку или позвоните нашему менеджеру, который поможет оформить заказ.

Внимание! Подробные видео-уроки по применению роллера для различных групп мышц вы сможете найти в этом материале.",https://rocktape.ua/rocknroller,https://rocktape.ua/image/cache/data/product/RocknRoller_main-300x300.jpg,"1250 UAH",new,"in stock","RockTape (США)"
54,"Мужская футболка RockSauce","Мужская футболка Next Level с лого RokcSauce для кроссфита

Мужская футболка от компании Next Level с логотипом RockSauce для кроссфита – это способ сделать тренировки эффективнее и повысить собственную мотивацию.

Мужская футболка RockSauce – это не просто одежда для спорта, это возможность улучшить свои показатели и сделать занятия кроссфитом комфортнее.

Приобретя эту футболку, вы сразу ощутите преимущества:


	Идеальный состав ткани – футболка впитывает влагу, не прилипает к телу и сохраняет комфорт даже при очень интенсивной тренировке.
	Удобный крой сохраняет свободу движений и не сковывает вас.
	Специальные швы не натирают и предупреждают появление раздражений на теле после интенсивных занятий.
	Оптимальная терморегуляция – благодаря крою и составу ткани футболка обеспечивает и хорошую вентиляцию, и сохранение тепла, ведь поддерживать мышцы разогретыми очень важно для продуктивной тренировки.


Мотивация – залог отличного результата

Оригинальный дизайн мужской футболки RockSauce для Crossfit создан специально для тяжелых и интенсивных тренировок. В меру агрессивный выбор цвета и принта, а также идеальное подчеркивание рельефа мышц – именно то, что нужно для повышения мотивации при тренировках.

Желаете достичь большего в кроссфите – попробуйте футболку RockSauce, и вы уже не захотите от нее отказаться.
 


	
		
			
			Мужская модель
			
			
			    S
			
			
			   M
			
			
			   L
			
			
			   XL
			
		
		
			
			Длина (от плеча до основания)
			
			
			 72 см
			
			
			 73 см 
			
			
			 75 см 
			
			
			 77,5 см 
			
		
		
			
			Ширина (по талии в самом широком месте)
			
			
			 47,5 см
			
			
			 51 см
			
			
			 55 см
			
			
			 60 см",https://rocktape.ua/mens-rocktsauce-tee,https://rocktape.ua/image/cache/data/product/Rock_Sauce_man_tshirt-300x300.jpg,"490 UAH",new,"in stock","RockTape (США)"
53,"Мужская футболка RockTape logo","Мужская футболка Next Level c лого RockTape для кроссфита

Мужская футболка американского производителя Next Level с логотипом RockTape для кроссфита – выбор тех, кто не хочет выбирать, предпочитая получать все и сразу. Сочетание стильного дизайна и современных технологий позволяет повысить эффективность тренировки, усилить мотивация и добиться лучших результатов.

RockTape – лучшее для спортсменов 

RockTape – бренд с мировой известностью, создающий продукцию для профессиональных спортсменов. Тейпы, одежда, аксессуары и спортивные препараты – далеко не полный список разработок RockTape, которым отдают предпочтение спортивные врачи и сами спортсмены. Брендированная мужская футболка RockTape для Crossfit позволяет отразить жизненную позицию и улучшить эффективность тренировок.

Мужская футболка RockTape для Crossfit – секрет продуктивной тренировки

Что еще кроме силы воли и правильных упражнений нужно для отличного результата? Правильная одежда – вот секрет тех, кто достигает невероятных высот. Что может мужская футболка RockTape:


	Повысить комфорт тренировки – ненатирающие швы, натуральные ткани, оптимальное поглощение влаги.
	Увеличить эффект тренировки – правильная терморегуляция (и мышцы разогреты, и кожа дышит).
	Усилить мотивацию – футболка подчеркивает рельеф мышц, что делает движение к цели еще более динамичным.


Будь лучшим – выбирай для тренировок мужскую футболку RockTape.
 


	
		
			
			Мужская модель
			
			
			    S
			
			
			  M
			
			
			   L
			
			
			   XL
			
		
		
			
			Длина (от плеча до основания)
			
			
			  72 см
			
			
			 73 см
			
			
			 75 см
			
			
			 77,5 см
			
		
		
			
			Ширина (по талии в самом широком месте)
			
			
			 47,5 см
			
			
			 51 см
			
			
			 55 см
			
			
			 60 см",https://rocktape.ua/mens-rocktape-logo-tee,https://rocktape.ua/image/cache/data/product/Rock_Tape_man_tshirt-300x300.jpg,"470 UAH",new,"in stock","RockTape (США)"
76,"Набор инструментов для техники ИММТ RockBlades Mohawk","RockBlades MOHAWK – это полноценная система, включающая 3 разных инструмента в одном, что позволяет комфортно работать с большим диапазоном болевых синдромов, решать неврологические проблемы и проблемы с мобильностью.


В наборе:


	базовый инструмент Mohawk из хирургической нержавеющей стали;
	насадка Silicone sleeve (Силиконовый чехол);
	насадка Comb (Гребень);
	специальный кейс для хранения и транспортировки;
	мазь RockRub (50 г).


MOHAWK

​Базовый инструмент RockBlades Mohawk. Форма каждой его части является уникальной. Размеры всех сторон и краев были тщательно выверены и сбалансированы. Благодаря этому инструмент подходит для работы на любых участках тела, а также имеет очень точную совместимость с насадками. Рабочие края отполированы вручную. На каждой лицевой поверхности есть 4 специальных углубления с матовым покрытием. Они помогают удерживать Mohawk во время работы, предотвращая выскальзывание. Инструмент украшен ненавязчивой лазерной гравировкой – выдержками из манифеста RockTape.

Характеристики


	Материал: хирургическая нержавеющая сталь;
	Вес: 200 г;
	Размеры: 15 см x 10 см x 0,6 см;
	Рабочие поверхности: 8.


SILICONE SLEEVE

Благодаря материалу, из которого изготовлена насадка, она очень прочно крепится на базовом инструменте the Mohawk и позволяет с легкостью захватывать поверхность кожи, создавая эффект сдвига между ней и подлежащими тканями. Силиконовый чехол дает возможность лечить проблемы со скольжением нервов и работать с нейропатиями. При этом у пациента значительно снижается риск получения травм, а специалисту потребуется приложить меньше усилий для достижения необходимого лечебного эффекта. Материал: медицинский силикон.

Comb
Эта насадка так же, как и силиконовый чехол, идеально подходит для базового инструмента Mohawk. Гребень используется для уменьшения локализованной боли, улучшения кинестетической осознанности и проприоцепции тела, а также в целях дренирования и для облегчения тока лимфы. Благодаря материалу, из которого сделана насадка, она отлично скользит по коже и подходит для неврологической стимуляции. Зубцы имеют особую округленную форму, что позволяет применять ее безбоязненно, – никаких повреждений или дискомфорта во время использования не будет. Материал: ударопрочный сплав поликарбоната и АБС-пластика.",https://rocktape.ua/rockblades-mohawk,https://rocktape.ua/image/cache/data/mohawk-float-1-2-300x300.png,"5800 UAH",new,"in stock","RockTape (США)"
77,"Наколенники Assassins CrossFit","p.p1 {margin: 0.0px 0.0px 0.0px 0.0px; font: 14.0px Times; color: #953733}
p.p2 {margin: 0.0px 0.0px 0.0px 0.0px; font: 14.0px Times; color: #3a3a3a}
li.li2 {margin: 0.0px 0.0px 0.0px 0.0px; font: 14.0px Times; color: #3a3a3a}
span.s1 {letter-spacing: 0.0px}
ul.ul1 {list-style-type: disc}



Официальная защита атлетов на Reebok® CrossFit® Games 2018!

Совершенно новое поколение наколенников!

Компрессионные наколенники Assassins разработаны для использования в различных видах спорта и фитнеса: тяжелая атлетика, полоса препятствий, гонки, бег, езда на велосипеде, вейкбординг, сноубординг, кроссфит. Идеальны для тренировок и соревнований.

Assassins обеспечивают стабилизацию коленных суставов, а также создают согревающий и компрессионный эффекты, что позволяет усилить кровоток и минимизировать риск получения травмы во время выполнения силовых упражнений. Благодаря продуманной конструкции наколенники не сползают во время активности.

Assassins выгодно отличаются от аналогов большей высотой. Это помогает обеспечить стабильность положения колена, и часто может значительно уменьшить неспецифические боли в колене, особенно при приседаниях.

Созданы для соревнований!

Наши наколенники были разработаны специально для спортсменов: для создания этой защиты мы специально узнали потребности атлетов, собрали их отзывы.

Да они неубиваемые!

Строгое соблюдение контроля качества, постоянное тестирование продукта обеспечивает Assassins экстравысоким качеством, что позволяет им вынести бесчисленное количество тренировок.

Преимущества:


	Особый высокопрочный материал - неопрен, долговечный и комфортный;
	Обеспечивают компрессию, тепло и поддержку;
	Уменьшают боль в коленном суставе;
	Специальная вставка из 4-х полосной лайкры – для мягкости, воздухопроницаемости, эластичности;
	Обеспечивает стабилизацию коленного сустава при движении;
	Особая технология шитья и двойные стежки – для повышенной прочности;
	Уникальный дизайн;
	Гарантия качества.


Характеристики:


	Материал – неопрен.
	Толщина – 5 мм, 7 мм.
	Специальная вставка – лайкра.
	В упаковке – 1 пара (2 штуки).
	Изготовитель: RockTape Inc. (США). Производство: Китай.


Информация по размерам:

Доступны в следующих размерах - S, M, L, XL

Для правильного подбора размера, измерьте обхват колена по центру коленной чашечки:


	S: 26 – 30 см
	M: 31 – 33 см
	L: 34 – 36 см
	XL: более 36 см


Эксплуатация и уход:


	использовать защиту в соответствии с ее назначением;
	время использования защиты не дольше 3-4 часов подряд.


Стирка:


	ручная или машинная;
	поместить изделие в мешок, предназначенный для стирки;
	температурный режим - 40°C;
	после стирки выпрямите изделие, пока оно влажное;
	процесс сушки должен происходить вдалеке от приборов отопления.


Assassins – неубиваемый помощник на пути к победам!",https://rocktape.ua/assassins-crossfit,https://rocktape.ua/image/cache/data/cf-300x300.png,"1495 UAH",new,"in stock","RockTape (США)"
70,"Ножницы для кинезио тейпов Rock Blades","Профессиональные ножницы для тейпов

Не все ножницы одинаковы! Попробовав хотя бы раз ножницы RockTape, Вам не захочется использовать что-либо другое!

Изготовленные из высококачественной стали, они остаются острыми как бритва многие года, а ксилановое покрытие не позволяет клеящему слою тейпа прилипать к лезвию, обеспечивая простоту и точность в использовании. Эргономичная ручка и изогнутая форма лезвия добавляют еще больший комфорт и удобство. Нарезка тонких полосок и точно закругленных краев больше не проблема!

Если Вы - профессионал, использующий кинезио тейпы регулярно, ножницы RockTape - это Ваш выбор!


	Производство: RockTape (Англия)
	Длина лезвия: 85 мм
	Общая длина: 210 мм
	Материал: нержавеющая сталь с ксилановым покрытием",https://rocktape.ua/index.php?route=product/product&product_id=70,https://rocktape.ua/image/cache/data/other/rk-300x300.jpg,"985 UAH",new,"in stock",
61,"Резиновая петля RockBand","Купить резиновые петли для тренировок RockBand от RockTape - взять новый рубеж на ваших тренировках! Резиновые петли используются для тренировки силы, улучшения подвижности и снижения болевой симптоматики.

Резиновые петли RockBand для тренировок

RockBand - это удобный инструмент для тренировок. С помощью резиновой петли можно выполнять ряд функциональных упражнений, как в тренажерном зале или кроссфит боксе, так и дома, в путешествии. Так, например, резиновая петля для подтягиваний, позволит новичкам задействовать в работу необходимые мышцы и суставы, и быстрее научиться подтягиваться с собственным или дополнительным весом. Кроме этого, резинку RockBand можно задействовать при приседаниях, отведениях ног, упражнениях на пресс и другие.

Резиновые петли RockBand для реабилитации

Используйте RockBand не только для тренировок, но и для восстановления и реабилитации. Резиновая петля RockBand от RockTape активно используется врачами-реабилитологами в практике для восстановления и реабилитации. При правильном использовании резиновой петли, можно скорректировать направление движения, улучшить подвижность в том или ином суставе (например, направление колен или таза при приседаниях, оверхедах).

Каждая упаковка резиновой петли для реабилитации RockBand включает в себя специальный буклет, который содержит ценную информацию, чтобы обучить пользователей, а именно:


	Как использовать RockBand.
	Подробные движения и упражнения.
	Полезные советы о лучших способах использовать RockBand.
	Дыхание и правильная ориентация.


Основные характеристики петли для тренировок RockBand от RockTape:


	Длина: 105 см;
	Пять уровней сопротивления;
	В упаковке одна полоса выбранного сопротивления;
	100% латекс;
	Вес 0,36 кг.


Резиновые петли купить можно в нашем интернет-магазине с доставкой по всей Украине.
Будьте сильными дольше вместе с RockTape!

Пять степеней сопротивления



Пять уровней сопротивления - пять цветов для быстрого отличия.",https://rocktape.ua/rockband,https://rocktape.ua/image/cache/data/product/All_Rock_Bands-300x300.jpg,"600 UAH",new,"in stock","RockTape (США)"
63,"Эластичная лента RockBandRx","Внимание! 
В одном рулоне - 45 метров ленты. На данный момент есть возможность приобрести от 2 метров ленты (лента отрезается от цельного рулона вручную и упаковывается нами самостоятельно).

RockBandRx - эластичные ленты для реабилитации, развития подвижности и улучшения атлетических способностей, обеспечивая сбалансированные функциональные нагрузки при работе с сопротивлением. Благодаря длине в 45 м, лента станет многофункциональной, как для доктора, так и для пациента. Ленту можно резать на отрезки любой длины, обеспечивая индивидуальный подход к любой медицинской ситуации. Понимаем, что вы стараетесь предложить пациентам лучшую реабилитацию без значительного увеличения ее стоимости. У RockBandRx конкурентная цена.

RockBandRx абсолютно безопасны

Планируете назначать всем пациентам, а у некоторых аллергия на латекс? Не переживайте - ленты RockBandRx являются безлатексными.

Характеристики:


	Длина 45 м
	Ширина 12 см
	5 уровней сопротивления
	Сделано из термопластичных эластомеров (TPE), не содержит латекса


Каждый RockBandRx включает специальный Movement Manifesto, буклет, который содержит ценную информацию, рассказывающую о следующем:


	Как использовать RockBandRx;
	Подробные движения и упражнения;
	Полезные секреты о лучших способах использовать RockBandRx;
	Важность дыхания и его выравнивания;
	Как отличить боль от дискомфорта;
	Технические требования.


Доступны пять уровней сопротивления

RockBandRX выпускается бобинами длиной по 45 метров. При этом дуступны 5 уровней сопротивления: от сверхлегкого до сверхтяжелого. Для наглядности уровни сопротивления имеют цветовую кодировку:



Купить эластичную ленту от RockTape RockBandRx - значит расширить спектр методов реабилитации в своей практике, улучшить подвижность, координацию и атлетические способности пациента.",https://rocktape.ua/rockbandrx,https://rocktape.ua/image/cache/data/product/RockBandRx_main-300x300.jpg,"200 UAH",new,"in stock","RockTape (США)"
73,"Эластичная лента RockFloss","RockFloss - это новый инструмент для улучшения мобильности:


	«Расклеивает» прилипшие и застывшие мышцы; 
	Уменьшает боль в мышцах и суставах;
	Улучшает гибкость.


RockFloss представляет собой эластичную ленту из латекса, которая легко помещается в любую спортивную сумку или рюкзак. Она проста и удобна в применении, и доступна в двух вариантах ширины – 5 см или 10 см.

Работа RockFloss заключается в использовании знаний о компрессии и фасциальном сдвиге для «расклеивания» мышц, чтобы они могли двигаться лучше и с меньшим болевым синдромом.

Когда следует использовать RockFloss?

RockFloss можно использовать как перед тренировкой, так и после, или в качестве части программы по реабилитации. 

RockFloss подходит для использования в любых видах спорта:


	Бег: колени, голени, четырехглавые мышцы бедра, голеностопные суставы.
	Велосипедный спорт: колени, стопы, бедра.
	Плавание: плечи и бедра.
	Гольф: локти и плечи.
	Теннис: голеностопные суставы, колени, запястья.
	Кроссфит: бедра, колени, четырехглавые мышцы бедра, голеностопные суставы.
	Футбол: колени, голени, четырехглавые мышцы бедра, голеностопные суставы.
	Йога: стопы, голеностопные суставы, колени. 


Как следует использовать RockFloss?

Вы можете использовать RockFloss для работы практически с любой частью тела, единственным ограничением является размер части тела, с который вы планируете работать. Плечи, колени, запястья, локти, бедра и голеностопные суставы являются отличными целевыми областями. 

Никогда не используйте RockFloss для работы с областью головы или шеи.

Проведите разминку с RockFloss:


	лента шириной 10 см подходит для применения на обширных областях, таких как ноги или руки.
	лента шириной 5 см идеально подходит для большого диапазона применений.


Подготовьтесь к выступлению:

Используйте RockFloss перед тренировками или соревнованиями. Подготовьте ваши мышцы и суставы к максимальной скорости, силе и реакции.

МЕРЫ ПРЕДОСТОРОЖНОСТИ: 

Не используйте продукт в случаях, когда вы проходите лечение рака, болезни почек или при беременности.",https://rocktape.ua/rockfloss,https://rocktape.ua/image/cache/data/флос%205см%202-300x300.png,"480 UAH",new,"in stock","RockTape (США)"
55,"Женская футболка RockTape logo","Женская футболка Next Level с лого RockTape для кроссфита

Женская футболка американской текстильной компании Next Level с логотипом RockTape для кроссфита – оптимальное решение для грациозных и спортивных девушек. Прекрасное стилевое решение футболки с брендом RockTape дополнительно подчеркнет вашу любовь к спорту и здоровому образу жизни.

Больше возможностей с женской футболкой RockTape для тренировок

Интенсивные тренировки – это немалая нагрузка на организм. Во время занятий температура тела повышается, а процесс потоотделения идет гораздо интенсивнее. Чтобы во время занятий вам было комфортно и при этом мышцы не теряли необходимой для результата температуры – оденьтесь в женскую футболку RockTape. Ее создатели учли все, и теперь во время тренировок:


	Одежда не будет прилипать к телу – благодаря ткани, впитывающей влагу.
	Движения не будут ограничены – свободный крой и эластичная ткань позволяют двигаться максимально легко.
	Швы не будут натирать благодаря специальной обработке.
	Кожа будет дышать, а мышцы останутся разогретыми, чтобы получить лучший эффект от занятий.


Максимальная свобода для максимального результата

Забудьте о посторонних мыслях и дискомфорте во время тренировок – выбирайте женскую футболку RockTape для тренировок и сконцентрируйте 100% мыслей на результате.
 


	
		
			
			Женская модель
			
			
			  S
			
			
			  M 
			
			
			   L
			
		
		
			
			Длина (от плеча до основания)
			
			
			64 см
			
			
			66 см
			
			
			68 см
			
		
		
			
			Ширина (по талии в самом широком месте)
			
			
			37 см
			
			
			40 см
			
			
			41,5 см",https://rocktape.ua/womens-rocktape-logo-tee,https://rocktape.ua/image/cache/data/product/Rock_Tape_wom_tshirt-300x300.jpg,"470 UAH",new,"in stock","RockTape (США)"
12,"Защита голени RockGuards","Защита голени RockTape RockGuards – оставьте травмы в прошлом

Защита голени при становой тяге, работе со штангой, занятиях велоспортом и Crossfit просто необходима, ведь при тренировках с большой нагрузкой на ноги важно правильно защитить не только суставы, но и мышцы голени. Травмы, такие как разрывы и растяжения, порезы и потертости голени, к сожалению, частые спутники напряженных тренировок, особенно при работе со штангой.

Гарантией хорошего выступления и продуктивной тренировки является защита голени RockTape RockGuard. Данная модель позволяет поддерживать температуру мышц, снижая риск растяжений, а также, за счет плотного прилегания, обеспечивает поддержку голени при работе.

Почему профессиональный спорт выбирает RockGuard?

Конечно, на рынке немало вариантов защиты голени, но профессиональные спортсмены доверяют только RockGuard, ведь это:


	Особая технология пошива, позволяющая создать надежную и долговечную защиту.
	Застежка на двойной молнии.
	5 мм неопрена – максимальная поддержка мышц и плотное прилегание защиты.
	Возможность использования защиты при занятиях видами спорта, требующими большой подвижности.
	Несколько полос лайкры, обеспечивающих эластичность защиты.


Защита голени RockGuard представлена в нескольких размерах, которые позволяют обеспечить анатомическое прилегание у спортсменов любой весовой категории.

RockGuard от RockTape – это оптимальная защита голени при становой тяге. Кроме того, без защиты не обойтись при:


	Занятиях велоспортом;
	Выполнении толчка и рывка штанги, становой тяги (при правильном выполнении этих упражнений гриф штанги проходит в считанных миллиметрах от голени, что нередко заканчивается повреждениями целых участков кожи);
	Лазании по канату, занятиях альпинизмом и прочими видами спорта с риском повреждения голени.


В комплекте 2 защиты голени RockTape RockGuard. Для того, чтобы забыть о травмах и улучшить результаты тренировки – позвоните нам, и наш специалист расскажет обо всех новинках спортивной медицины, которые позволяют достигать рекордов. Для заказа защиты RockGuard позвоните прямо сейчас.


	
		
			
			 Размер 
			
			
			 Обхват икры *
			
		
		
			
			S
			
			
			 До 25 см
			
		
		
			
			M
			
			
			 Около 25-38 cм
			
		
		
			
			L
			
			
			 Больше 38 см
			
		
	


* Для правильного определения размера защиты голени, необходимо померять икроножную мышцу в наибольшем месте.",https://rocktape.ua/rock-guards,https://rocktape.ua/image/cache/data/product/rockguard_main_new-300x300.jpg,"945 UAH",new,"in stock","RockTape (США)"
3,"Кинезио тейп Designer (5см х 5м)","Цветные кинезио тейпы – травмы не преградят пути к победе

Каким бы прекрасным ни было выступление, каждый спортсмен знает, сколько труда и нечеловеческих усилий приложено для достижения идеала.

К сожалению, ни один вид спорта не обходится без травм, но для истинного профессионала даже травма не станет препятствием: во-первых, невероятная воля к победе не даст отказаться от тренировок, во-вторых, современная спортивная медицина позволяет продолжать занятия даже при растяжениях мышц.

Как же бороться с травмами, не теряя результатов?

Яркие кинезио тейпы Rock Tape – новое поколение тейпов, обладающих невероятной эластичностью и прочностью крепления. Они не только позволяют продолжить тренировки после травмы, но и ускоряют заживление мышц.

Почему именно Rock Tape?

Тейпирование давно известно спортивной медицине, почему же профессионалы предпочитают покупать дизайнерские кинезио тейпы от компании Rock Tape:


	Эластичность, сравнимая с эластичностью кожи (тейпы растягиваются на 180-190%).
	Прочная гипоаллергенная основа – даже при повышенных нагрузках эффект тейпирования сохраняется до 5 дней.
	Особая структура ткани, которая позволяет поддерживать мышцы, снижая нагрузку на них.


Дизайнерский тейп – индивидуальность и эстетика

Спорт – это не только результаты и титанические усилия. Спорт это красота и эстетика движений, которая завораживает. Красота тела и специальные костюмы теперь отлично дополняются дизайнерскими тейпами. Вы можете выбрать индивидуальные и мотивирующие кинезио тейпы с рисунком, с которыми тренировки станут ещё продуктивнее, а выступления – ещё ярче.

Для того чтобы купить дизайнерские кинезио тейпы, достаточно просто оформить заказ или позвонить нам. Не откладывайте победы на завтра, ведь спорт не терпит промедлений.",https://rocktape.ua/kinesio-tape-designer,https://rocktape.ua/image/cache/data/product/5x5_small_Blue_Argyle-300x300.jpg,"440 UAH",new,"in stock","RockTape (США)"
75,"Кинезио тейп Hemp (5см х 5м)","НОВИНКА!

Уникальная основа тейпа Hemp – волокна стеблей конопли. Мы решили сделать его максимально экологичным, поэтому оставили в натуральном цвете, без добавления краски.

В остальном тейп Hemp ничем не отличается от других тейпов RockTape стандартной серии: клейкость, растяжимость, износостойкость, водостойкость, воздухопроницаемость – все осталось на том же высоком уровне.

Благодаря кинезиотейпу можно уменьшить или предотвратить болевые ощущения, снять отеки, нормализовать тонус мышц, ускорить процесс восстановления и поддержать форму.

Это лента, изготовленная из волокон стеблей конопли, покрытая специальным гипоаллергенным клеем на акриловой основе, моментально активизирующимся после наложения на проблемное место. Дополнительно в состав тейпа RockTape входит нейлон для максимального растяжения ленты и прочности. С тейпом Hemp вы забудете навсегда, что такое гиперпигментация кожи после снятия! Уникальный состав ленты не дает акриловому клею сильно нагреваться на солнце, а это означает, что Вы не получите раздражения.

RockTape Hemp одновременно легкий и крепкий, Вы можете использовать его даже на нежных участках кожи, включая лицо.

Кинезиотейпы RockTape не сковывают движения, а в некоторых случаях, даже увеличивают их показатели.

RockTape выбирают спортсмены и медицинские специалисты по всему миру. Тейпы RockTape применяют при ахиллотендините, подошвенном фасците, тендините надколенника, травмах передней крестообразной связки и мадиальной коллатеральной связки колена, болях в нижней части спины, растяжениях паха и подколенных сухожилиях, ротаторной манжеты плеча, расколотой голени, искривлении осанки, дискомфорте при беременности.

При использовании тейпа RockTape важно следовать инструкции и наносить кинезиотейп без натяжения, предварительно очистить и обезжирить кожу.

 

Характеристики:


	Материал: 97% волокна стеблей конопли, 3% нейлон.
	Гипоаллергенная клеевая основа (подходит для людей с чувствительной кожей).
	Носится, не теряя свойств, до 7 дней.
	Эластичность: до 180-190%.
	Размер: рулон 5см х 5м.
	Производство: США/Корея.
	Цвет: Hemp (натуральный)
	Доступен в следующих размерах: 5см х 5м.


 

Применение и меры предосторожности:


	Перед применением обезжирьте кожу;
	Перед аппликацией закруглите уголки тейпа специальными ножницами;
	Применяйте тейп со слабым натяжением;
	После наклеивания тщательно разотрите тейп – клей активируется от тепла;
	При удалении тяните тейп по направлению роста волос;
	При появлении признаков раздражения сразу же удалите тейп и проконсультируйтесь с врачом.


 

Противопоказания:


	Открытые раны.
	Кожные заболевания.
	Аллергия на клей.
	Ранний младенческий возраст, когда нет обратной связи.
	Могут возникать слабые/умеренные кожные реакции. Например, покраснения, зуд, крапивница, отек. В таких случаях нужно немедленно снять тейп и обратиться к врачу, если улучшение не наступает в течение 2 дней.",https://rocktape.ua/rocktape-hemp,https://rocktape.ua/image/cache/data/хемп-300x300.jpg,"480 UAH",new,"in stock","RockTape (США)"
2,"Кинезио тейп Н2О (5см х 5м) ","Купить водостойкие кинезио тейпы в Украине по самой выгодной цене

Водные виды спорта, несмотря на кажущуюся зрителям легкость и плавность, требуют огромного напряжения мышц и тяжелейших тренировок. Для того чтобы показать отличный результат, необходимо и максимально выкладываться на тренировках, и раз за разом давать всё большую нагрузку на мышцы. Такой подход позволяет достигать отличных показателей, однако чреват травмами.

Как бороться с растяжениями, если Вы занимаетесь водными видами спорта

Спортсмены, профессионально занимающиеся водным спортом, в случае травм и повышенных нагрузок отдают предпочтение кинезио тейпам для плавания от компании Rock Tape. Специально разработанная формула позволяет:


	Уменьшить нагрузку на мышцы.
	Повысить продуктивность тренировок.
	Улучшить результаты выступления.
	Ускорить заживление травм без прекращения тренировок.


В чём особенность kinesio tape RockTape H2O?

Kinesio tape RockTape H2O имеет те же преимущества, что и другие тейпы серии RockTape, а именно:


	Растягивается на 190%.
	Состоит только из гипоаллергенных материалов.
	Оказывает положительный эффект до 5 дней.
	Максимально соответствует физиологии.


Кроме того кинезио тейпы для бассейна и водных видов спорта имеют специальную клеевую основу, которая легко выдерживает действие воды и интенсивные нагрузки. Даже при активных занятиях в воде кинезио тейп RockTape H2O отлично поддерживает мышцы и не отклеивается.

Неоднократно проверенные профессиональными спортсменами кинезио тейпы для плавания от RockTape превосходят все ожидания и являются незаменимой поддержкой во время тренировок и выступлений.

Не позволяйте травмам стать препятствием на пути к победе – получите свой kinesio tape RockTape H2O прямо сейчас, просто позвонив или оставив заявку. Забудьте о травмах – побеждайте каждый день!",https://rocktape.ua/kinesio-tape-H20,https://rocktape.ua/image/cache/data/product/Blue_H2O-300x300.jpg,"440 UAH",new,"in stock","RockTape (США)"
8,"Крем RockRub","Купить крем от мозолей RockRub – забыть о помехах во время тренировки

Доступен в упаковке 50 г и 400 г.

Кто из спортсменов может похвастаться отсутствием мозолей? Жесткие тренировки, огромные нагрузки и недостаток времени на уход за кожей – на пути к рекордам мозоли неизбежное зло. Но натертости и изменение структуры кожи – это не только косметический дефект. Мозоли значительно снижают эффективность тренировки и грозят инфицированием и воспалением.

Профессиональные спортсмены давно ищут способы избежать появления проблем со здоровьем: используют защиту, соблюдают рацион, ухаживают за кожей. Но когда этих мер недостаточно – нужна скорая помощь, с которой лечение мозолей займет минимальное время. В противном случае Вы не сможете тренироваться столь же интенсивно и выступать на том уровне, к которому готовились.

Компания RockTape разработала уникальную формулу крема RockRub. Это средство помогает смягчить кожу и уменьшить мозоли за одну ночь, а регулярное применение даст возможность всегда сохранять отличную форму и тренироваться максимально эффективно, не отвлекаясь на боль и дискомфорт, которые обычно причиняют мозоли. Сделайте свои руки более увлажненными и более сильными с инновационными средствами от RockTape.

Натуральный увлажнитель для рук RockRub содержит:


	Австралийский пчелиный воск;
	Масло канолы;
	Витамин Е;
	Пачули;
	Лаванда;
	Иланг-иланг.


Средство отлично работает на любых участках кожи. Купив мазь от мозолей RockRub, Вы получите отличное репарационное и увлажняющее средство. Кроме того, обратите внимание на другие преимущества:


	Удобная упаковка – Вы можете брать крем с собой в поездки или на тренировки.
	Простое использование – средство наносится перед сном, Вам не придется тратить время днем на косметические процедуры.
	Экономичность – 50 г крема хватит на целый месяц активного использования, а 400 г хватит почти на 8 месяцев активного использования.
	Только натуральные компоненты.


Вы уже готовы к интенсивным тренировкам? Купить мазь от мозолей RockRub можно прямо сейчас. Звоните нам и не отвлекайтесь на мелкие неприятности на пути к рекордам.",https://rocktape.ua/rock-rub,https://rocktape.ua/image/cache/data/product/RockRub-300x300.jpg,"420 UAH",new,"in stock","RockTape (США)"
13,Наколенники KneeCaps,"Наколенники RockTape KneeCaps для самых требовательных

На пути к рекордам камнем преткновения часто становятся травмы, поэтому забота о здоровье и безопасности для спортсмена является одним из основных вопросов. Наколенники уже давно используются для фиксации суставов и предупреждения травм, однако их эффективность не всегда высока.

Надежная защита и верный помощник на пути к победам – наколенники KneeCaps

Наколенники KneeCaps – современная защита от американской компании RockTape. Наши специалисты проработали каждую деталь, чтобы обезопасить Ваши тренировки и сделать рекорды реальностью. Купить наколенники для приседаний, бега, прыжков и других атлетических упражнений KneeCaps – значит получить дополнительные преимущества:


	Повышенная прочность – особая технология шитья и двойные стежки повышают долговечность изделий и эффективность фиксации.
	Особый материал – более прочный, долговечный и комфортный.
	Специальная вставка – 4-полосная лайкра, которая позволяет обеспечить большую мягкость и воздухопроницаемость.
	Различные варианты защиты – толщина неопрена 5 мм или 7 мм.
	Дизайнерские решения – яркие цвета и классическая гамма – купите наколенники для Crossfit (Кроссфит), которые вдохновляют.
	Гарантия качества.


Наколенники KneeCaps – выбор профессиональных спортсменов

Становая тяга, рывок или толчек штанги, выпрыгивание на тумбу, приседания со штангой и ещё целый ряд упражнений сложно даже представить без использования защиты. Можно купить бандаж на колено любой компании – на рынке множество вариантов наколенников, но почему же профессиональные спортсмены выбирают KneeCaps?

Помимо стандартных эффектов наколенников (компрессии, согревания и фиксации коленных суставов), KneeCaps обеспечивает эффективную компрессию косой широкой медиальной мышцы бедра*.

* Данная мышца крепится над коленной чашечкой и обеспечивает функцию коленного сустава – её травмы могут принести не только дискомфорт, но и надолго лишить спортсмена возможности тренироваться.

Если Вы настроены на победу и достижение значительных результатов – обеспечьте безопасность своих коленей. Купить наколенники для тяжелой атлетики KneeCaps Вы можете прямо сейчас – достаточно добавить товар в корзину и оформить заказ на сайте или по телефону.


	
	Размерная сетка
	
	
		
			
			Размер
			
			
			Обхват колена*
			
		
		
			
			S
			
			
			29-34 см
			
		
		
			
			M
			
			
			34-37 см
			
		
		
			
			L
			
			
			37-40 см
			
		
		
			
			XL
			
			
			40 и больше см 
			
		
	


* Для правильного подбора размера наколенников, необходимо померять коленную чашечку в обхвате в согнутом положении (под углом 90 градусов).",https://rocktape.ua/knee-caps,https://rocktape.ua/image/cache/data/product/kneecaps_main_new-300x300.jpg,"1295 UAH",new,"out of stock","RockTape (США)"
52,"RockNRoller адаптер","Адаптер для RockNRoller - это быстрый и простой способ перейти от 45 см RockNRoller к более широкому - 90 см ролику. Адаптер позволяет соединять несколько RockNRoller в один.",https://rocktape.ua/rocknroller-adapter,https://rocktape.ua/image/cache/data/product/RocknRoller_Adapter-300x300.jpg,"50 UAH",new,"in stock","RockTape (США)"
59,"Браслет с лого RockTape","Силиконовый браслет RockTape - способ проявить свою любовь к бренду

Браслет RockTape - отличный аксессуар для сильных атлетов. Проявить свой вкус, любовь к бренду и кроссфиту в целом, можно, надев стильный и в меру агрессивный браслет.",https://rocktape.ua/wrist-band,https://rocktape.ua/image/cache/data/product/rockband_main-300x300.jpg,"50 UAH",new,"in stock","RockTape (США)"
64,"Кинезио тейп RX (5см x 32м)","Новинка от RockTape! RockTape Rx - лучшая лента в кинезиологии в мире. Специально разработанная для чувствительной кожи. Идеальна для применения в педиатрии, для больных престарелых людей, для женщин, которые беременны.

RockTapeRx - новая модификация классического кинезио тейпа RockTape с более “мягким” клеем, что является большим преимуществом для особых групп пациентов. К ним могут относится: менее активные люди, дети, пожилые люди, беременные женщины. RockTape Rx не пришел на замену другим лентам RockTape. RockTape Rx - это дополнительный новый продукт компании для менее активных пациентов.

Как это работает?

RockTapeRX подтягивает/приподнимает кожу от мышц и фасций, благодаря чему улучшается крово и лимфоток, что приводит к уменьшению отека, воспалительного процесса. RockTape также сигнализирует центральной нервной системе импульсы через нервные окончания на поверхности кожи, что, в конечном итоге, обеспечивает мощную обратную связь для снижения болевого синдрома.

Каковы преимущества?


	Снимает отек благодаря декомпрессии;
	Ускоряет процесс восстановления и реабилитации;
	Снижает болевой синдром;
	Ускоряет процесс восстановления и реабилитации;
	Усиливает проприоцепцию (мышечное чувство — ощущение положения частей собственного тела относительно друг друга и в пространстве), чтобы помочь вам поддерживать правильную осанку и форму;
	RockTapeRx оказывает более мягкое воздейтсвие на кожу, благодаря содержанию клея на 7% меньше - что делает его идеальным для неспортивного тейпирования.


Характеристики:


	гипоаллергенный клей;
	водонепроницаемый;
	97% хлопок, 3% нейлон;
	180% эластичности для полного диапазона движения;
	отсутсвие латекса и цинка;
	каждый рулон 5cmx32m.",https://rocktape.ua/rocktaperx,https://rocktape.ua/image/cache/data/product/32x5_rocktape_rx_blue-300x300.jpg,"2200 UAH",new,"in stock","RockTape (США)"
67,"Кинезио тейп RX (5см х 5м)","Нежный клей RockTape Rx для особых групп пациентов, таких как: дети, пожилые люди, лица с неврологическими нарушениями и беременные женщины.

Это не замена другим лентам RockTape. Это просто более мягкое дополнение к нашим текущим предложениям, идеально подходящее для менее активных пациентов:


	Снимает отеки путем декомпрессии, которая ускоряет выздоровление.
	Повышает узнаваемость вашего положения тела, чтобы помочь вам поддерживать правильную осанку и форму.


RockTape Rx предназначен для нежной кожи. Гипоаллергенный Клей. Водостойкий. 97% Хлопок, 3% Нейлон. 180% стрейч для полного диапазона движения.",https://rocktape.ua/rx-5m-5cm,https://rocktape.ua/image/cache/data/rx_animal-300x300.jpg,"440 UAH",new,"in stock","RockTape (США)"
68,"Миостимулятор для мышц PowerDot ","PowerDot – это первый в мире мобильный спортивный электростимулятор для Ваших мышц

PowerDot – уникальное мобильное персональное тренировочное устройство, которое разработано для спортсменов и любителей активного образа жизни. Разработан докторами наук в области биофизики и магистрами наук в области  электронной инженерии, имеющими более чем 35-й опыт работы в данных областях.

PowerDot - это эффективный стимулятор мышц для любого спортсмена: занимаетесь Вы спортом на любительском или профессиональном уровне - значения не имеет. PowerDot сокращает мышцы путем генерирования коротких электроимпульсов определенных частот через самоприлипающие проводящие электродные подушечки. Эффект известен под названием электрическая стимуляция мышц (ЭСМ). ЭСМ широко применяется миллионами спортсменов и тренеров еще с 70-х годов прошлого столетия, эффективность ЭСМ доказана многочисленными клиническими и лабораторными исследованиями

Основные преимущества PowerDot:


	Компактный размер. Дает возможность использовать под одеждой.
	Комфортность в использовании. Маленький вес, компактный размер, удобные для использования электродные пластины и провода, возможность использовать под одеждой.
	Безопасность. Несколько уровней безопасности в использовании, отключение одной кнопкой, управление интенсивностью стимуляции, два разных канала управления каждым электродом, защита от отключения электрода и интерактивные инструкции по технике безопасности.
	Интерактивность. Используйте свой мобильный телефон, чтобы инициировать и контролировать свои тренировки, следуйте инструкции и советам по безопасности, учебным рекомендациям и отслеживайте прогресс в тренировках.


Свойства PowerDot:


	увеличивает силу, мощность, выносливость и скорость;
	улучшает Ваши спортивные показатели;
	расслабляет мышцы; 
	уменьшает мышечное напряжение;
	способствует быстрому восстановлению и реабилитации;
	устраняет мышечную крепатуру.


Технические характеристики:


	Два независимых изолированных канала (4 канала при использовании двух устройств PowerDot в режиме Duo).
	Совмещенные micro USB электрод и разъем для зарядки.
	Тактильная кнопка включения.
	Тонкая и легкая конструкция.
	Модуль подключения Bluetooth 4.0.
	Биосовместимые самоклеющиеся электроды.
	Надежные протоколы передачи данных.
	Поддержка Android 4.4+ и iOS 7.0+ устройств.


Тренировочные сессии инициируются и управляются сопутствующим мобильным приложением, доступным для смартфонов и планшетов на базе Android и iOS.

Доступные программы для тренировки через мобильное приложение:


	Повышение выносливости и производительности (для подготовки к спортивным мероприятиям).
	Постоянство – повышение потенциала интенсивности длительных усилий.
	Сила – повышение силы в ориентированных спортивных дисциплинах.
	Увеличение краткой мощности (силы и скорости) в ориентированной дисциплине.
	Максимальная скорость – повышение скорости высококвалифицированных спортсменов в ориентированных дисциплинах (например спринт 100 м).
	Активное восстановление – улучшает и ускоряет восстановление мышц после интенсивных упражнений. Лучший результат в течение двух часов после окончания тренировки средней выносливости или соревнований.
	Разогрев – увеличивает скорость сокращения и готовит мышцы для выдачи максимальной мощности. Используется 5-10 мин до важных соревнований или спортивных мероприятий.
	Массаж – улучшает циркуляцию крови, расслабляет мышцы, уменьшает мышечное напряжение и помогает устранить мышечные токсины.


Для повышения эффективности стимуляции можно одновременно использовать два Power Dot. Также для более точечной стимуляции есть возможность индивидуального управления каждого электрода отдельно.",https://rocktape.ua/powerdot,https://rocktape.ua/image/cache/data/product/pawer_dot_main_red-300x300.jpg,"6850 UAH",new,"in stock",
71,"Набор инструментов для техники ИММТ RockBlades 2.0","RockBlades 2.0 – набор инструментов для мобилизации мягких тканей.




RockBlades 2.0. Комплексная система мобилизации мышечных тканей при помощи вспомогательных инструментов (IASTM) (теперь оба инструмента из нержавеющей стали).

Добро пожаловать в IASTM-будущее. RockBlades – это набор из двух тщательно спроектированных и изготовленных инструментов для мягких тканей: “Mallet” и “Mullet”, а также смягчающих дезинфицирующих салфеток, RockRub и краткого практического руководства к комплексной IASTM-системе.

Больше, чем просто инструмент: комплексная IASTM-система.

Самая мельчайшая деталь в RockBlades - каждая грань, каждый угол и контур – плод вдумчивой разработки, тестирования и совершенствования на протяжении двух лет.

Изучите RockBlades в деталях.

Пришло время серьезных дел. Познакомьтесь с Mallet.



 

Один из великолепных инструментов в наборе RockBlades - изготовленный из отполированной хирургической нержавеющей стали универсальный инструмент для IASTM-терапии.

Mallet - ваш совершенный медицинский инструмент.


	Отполированные вручную рабочие поверхности и идеальный баланс корпуса будут ежедневно приносить радость при его использовании.
	Матированные углубления с каждой стороны и кастетообразная ручка позволяют держать в руках инструмент шестью различными способами. Каждая сторона уникальна - как по форме, так и по степени закругления края инструмента.
	На нерабочих поверхностях Mallet лазером выгравирован манифест RockTape.


Технические характеристики:


	Материал: хирургическая нержавеющая сталь.
	Вес: 450 гр.
	Размеры: 18 см x 11,5 см x 0,8 см.
	Рабочие поверхности: 4.
	Варианты захвата: 6.
	Отполированные вручную рабочие грани - прекрасно спроектированные и выполненные рабочие грани обеспечат великолепный результат.
	Шесть вариантов захвата - наша запатентованная кастетообразная ручка в сочетании с 8 углублениями для большого пальца обеспечивают различные варианты захвата и использования инструмента.
	Выгравированный лазером манифест - the Mallet оформлен лазерной гравировкой манифета РокТейп для большего вдохновения.
	Хирургическая нержавеющая сталь - нержавеющая сталь упрощает использование и идеально ложится в руку.


Вечеринка начинается.

Легкий и компактный, идеален для путешествий. Четыре специальных рабочих края и фирменная кастетообразная ручка позволяют работать с любыми зонами, обеспечивая полноценный терапевтический эффект. Вес нового Mullet остался таким же, как у его аналога в наборе Rockblades 1.0. В качестве приятного бонуса на нерабочей поверхности встроена открывалка для бутылок. Инструмент украшен лазерной гравировкой RockTape. 




	Мы сделали этот легкий и компактный инструмент для того, чтобы вы могли брать его с собой повсюду, куда вас ни занесет судьба. Управление мягкими тканями с Mallet стало доступным везде и всегда.
	Mullet изготовлен из невероятно прочного термопластичного полиамида – материала, который зарекомендовал себя в автомобильной и авиакосмической промышленности.
	Четыре разнообразные зоны для манипуляций с мягкими тканями обеспечивают комплексный терапевтический эффект. Каждая грань, угол и форма тщательно разрабатывались на протяжении двух лет для достижения лучшего результата.
	На нерабочих поверхностях The Mullet выгравирован манифест RockTape.


Технические характеристики:


	Материал: хирургическая нержавеющая сталь.
	Вес: 187 гр.
	Размеры: 15 см x 11 см x 0,9 см.
	Рабочие поверхности: 4.
	Встроенная открывалка для бутылок - бутылочка прохладительного напитка после долгого дня поможет двигаться легче.
	Легкий и компактный - идеальный IASTM-инструмент для использования на рабочем месте и в путешествии.
	Выгравированный манифест - мотивационный текст от RockTape нанесен на нерабочие поверхности.


RockRub &amp;amp; Wipes. Начните лечение по-новому, просто открыв упаковку.

Мы могли бы остановиться на двух предыдущих замечательных инструментах, но нет. В дополнение к Mallet&amp;amp;Mullet каждый набор RockBlades содержит обезболивающее смягчающее средство RockRub, изготовленное по новой формуле, и пачку дезинфицирующих салфеток.

Это всё, что вам нужно, чтобы начать лечение, просто открыв упаковку. 

Наша новая формула RockRub на 100% состоит из натуральных ингредиентов: масла канолы, пчелиного воска и витамина Е. Не содержит ароматической отдушки, идеален для использования при терапии мягких тканей. Защищает вашу кожу и кожу вашего пациента.

Дезинфицирующие салфетки не только очищают инструменты и уничтожают бактерии и микробы. Их также можно использовать для очищения кожи пациента от мази RockRub после подготовки кожи к тейпированию с помощью RockTape.

RockRub и дезинфbцирующие салфетки разработаны для упрощения лечения пациента и обработки ваших RockBlades.",https://rocktape.ua/index.php?route=product/product&product_id=71,https://rocktape.ua/image/cache/data/TLnry_croper_ru-300x300.jpeg,"7200 UAH",new,"in stock","RockTape (США)"
4,"Кинезио тейп Bulk (5см x 32м)","Кинезио тейп Bulk – это разновидность классического кинезио тейпа RockTape, имеющий длину более чем в 6 раз больше (32 метра в 1 рулоне), что будет выгодно и удобно для спортсменов и специалистов спортивной медицины регулярно использующих кинезио тейпы. Одного рулона кинезио тейпа Bulk хватит более чем на 120 аппликаций.",https://rocktape.ua/kinesio-tape-bulk,https://rocktape.ua/image/cache/data/product/5x32_Pink_BULK-300x300.jpg,"2240 UAH",new,"in stock","RockTape (США)"
74,"Кинезио тейп Equine (для лошадей)","RockTape Equine H20 - кинезио тейп для лошадей 

Кинезиотейп – инновационное средство, благодаря которому можно уменьшить или предотвратить болевые ощущения, снять отеки, нормализовать тонус мышц, ускорить процесс восстановления и поддержать форму. Это лента, изготовленная из хлопка и покрытая специальным гипоаллергенным клеем на акриловой основе, моментально активизирующимся после наложения на проблемное место. Дополнительно в состав тейпа RockTape входит нейлон для максимального растяжения ленты и прочности.

Главной особенностью кинезиотейпирования является метод, направленный не на ограничение движения, а на его увеличение. Кинезиотейпы RockTape не сковывают движения, а в некоторых случаях, даже увеличивают их показатели.

С недавнего времени ветеринары начали активно применять метод тейпирования на животных, преимущественно на лошадях. Травма животного является большой проблемой для его владельца. Ограничение движения животного приводит к серьезному дискомфорту, а лечение обычными средствами, такие как уколы, только усиливает этот эффект.

В отличие от обычного тейпа, RockTape, который использует человек, нужна была доработка, которую можно было бы применять на ветеринарном рынке. Этот уникальный продукт имеет более плотную структуру с усиленным слоем поверхности сцепления. Особые тейпы для лошадей RockTape Equine воздействуют на кожу через корни волос животного, активизируя правильную работу систем организма. Усиленный на 25% клеевой слой и увеличенная ширина тейпа RockTape Equine для лошадей обеспечивает надежное крепление.

Тейп RockTape Equine для лошадей уменьшает боль, способствует заживлению пораженному участку. Благодаря уменьшению отечности, усиливается регенерация мягких тканей и нормализуется работа правильного движения животного. Животное восстанавливается гораздо быстрее и безболезненно.

Преимущества:


	тейп RockTape Equine растягивается до 180% от изначальной длины;
	водостойкий;
	носится до 10 дней, не теряя своих полезных свойств.


Характеристики:


	Материал: 97% хлопок, 3% нейлон 
	Эластичность: до 180-190%
	Гипоаллергенная клеевая основа
	Носится, не теряя свойств до 10 дней
	Размер: рулон 5см х 5м
	Производство: США/Корея
	Цвет: логотип",https://rocktape.ua/equine,https://rocktape.ua/image/cache/data/RockTape_Equine_Kinesiology_Tape_for_Horses_-_2_x_16.4_Roll_-_Horseshoes-300x300.jpg,"440 UAH",new,"in stock","RockTape (США)"
6,"Кинезио тейп Mini Big Daddy (10см x 5м)","Кинезио тейп Mini Big Daddy - это разновидность классического кинезио тейпа RockTape, имеющий нестандартную ширину. Ширина кинезио тейпа в 10 см позволит затейпировать массивные участки мышц, например, четырехглавую мышцу бедра, поясницу, плечи.",https://rocktape.ua/kinesio-tape-mini-big-daddy,https://rocktape.ua/image/cache/data/product/medium_Black-300x300.jpg,"796 UAH",new,"out of stock","RockTape (США)"
65,"Защитные рукава RockGuard Arm","RockGuard Arm - универсальные защитные рукава

Новинка! Защитные рукава RockGuard Arm разработаны для защиты рук спортсменов во время перемещения ползком, бега по пересеченной местности, катания на горном велосипеде, лазанья по канату, соревнований по преодолению препятствий и прочих видов активности, в процессе которых высока вероятность травмировать руки.

Созданные из износостойкой лайкры, рукава RockGuard Arm обеспечивают комфортное ношение и доступны в трех размерах. Силиконовые вставки удерживают рукава на месте, не позволяя им сползать. Легкий материал защищает руки от воздействия солнечных лучей в жаркое время года и дополнительно страхует от холода зимой.

Специальное назначение

Легкий материал Lightweight Lycra® быстро высыхает и обеспечивает защиту от мозолей, царапин и воздействия солнечных лучей во время физической активности.

Комплексная защита

Мы горды тем, что можем предложить защиту каждому спортсмену, вне зависимости от того, насколько экстремальным является выбранный им вид спорта. Сначала для голеней, теперь и для рук.

Разработаны для длительных тренировок с препятствиями

RockGuard Arm - наш первый продукт, разработанный для спортсменов, участвующих в гонке с преодолением препятствий Obstacle Course Racing! И мы гордимся этим.
 


	
		
			
			 Размер 
			
			 Обхват бицепса*  
		
		
			 S
			 До 25 см
		
		
			 M
			 Около 25-31 cм
		
		
			 L
			 Больше 31 см
		
		
		
	



*Для правильного подбора размера, необходимо измерить объем в самой широкой части руки (бицепс).",https://rocktape.ua/rockguards-arm,https://rocktape.ua/image/cache/data/product/arm_guard_main-300x300.jpg,"780 UAH",new,"in stock","RockTape (США)"
5,"Кинезио тейп Big Daddy (10см x 32м)","Кинезио тейп Big Daddy - это разновидность классического кинезио тейпа RockTape, имеющий нестандартную длину и ширину. Ширина кинезио тейпа в 10 см позволит затейпировать массивные участки мышц, например четырехглавую мышцу бедра, а длина в 32 см позволит долго использовать кинезио тейп (более чем 120 аппликаций).",https://rocktape.ua/kinesio-tape-big-daddy,https://rocktape.ua/image/cache/data/product/Big_Daddy_BLACK_LOGO_BULK-300x300.jpg,"4500 UAH",new,"out of stock","RockTape (США)"
7,"Кинезио тейп Digit Tape (2,5см х 32м)","Кинезио тейп Digit Tape - это разновидность классического кинезио тейпа RockTape, имеющий нестандартную длину и ширину. Ширина кинезио тейпа в 2,5 см позволит затейпировать, например, тонкую мышцу, мышцы рук и ног. Длина в 32 см позволит долго использовать кинезио тейп (более чем 120 аппликаций).",https://rocktape.ua/kinesio-tape-digit-tape,https://rocktape.ua/image/cache/data/product/FingerTape_Blue-300x300.jpg,"1370 UAH",new,"out of stock","RockTape (США)"
11,"Перчатки G-LOVES","Внимание! Модель G-LOVES снята с производства. Запущена улучшеная новая модель - перчатки Talons.

Перчатки G-LOVES – берегите руки для получения призов

Перчатки G-LOVES обеспечивают комфорт во время тренировки, оберегают кожу рук и мышцы запястий. Большинство защитных приспособлений для рук не гарантируют надлежащего комфорта во время тренировки: влажные ладони, неудачное расположение швов – натертости и мозоли в таком случае вполне вероятны, хотя и в меньшем объеме, чем вообще без защиты. Если Вы хотите купить перчатки для Crossfit (Кроссфит), которые не имеют недостатков, – обратите внимание на G-LOVES.

Современная защита G-LOVES уже заслужила любовь профессиональных спортсменов, ведь она имеет ряд важных преимуществ:


	Отсутствие швов на ладонях (что крайне важно для велосипедных перчаток).
	Высокая чувствительность (надев перчатки, Вы сможете работать даже с сенсорным экраном).
	Силиконовая вставка, обеспечивающая оптимальную поддержку мышц (что важно при работе с большим весом; данный аспект следует учитывать, например, выбирая перчатки для бодибилдинга).
	Специальный захват большого пальца, который дает дополнительную защиту.
	Удобные петли.
	Воздухопроницаемая боковая поверхность.
	Оптимальное впитывание пота, что важно при интенсивных занятиях и играет роль, например, при выборе перчаток для фитнеса или работы с весом.
	Возможность использования (мела) магнезии.


Рекорды ближе, чем кажется

Упражнения на турнике, штанга, тренажеры и велоспорт небезопасны для ваших ладоней и запястий. Мозоли, натертости и вывихи не только не эстетичны, но и значительно снижают результативность тренировок и итоги выступлений. Получается, что купить перчатки для тренажерного зала – это не только приобрести новый привлекательный гаджет, но и обезопасить себя и сделать ещё один шаг к заветному результату.

Если Вы серьёзно занимаетесь спортом, то наверняка давно ищете оптимальный вариант защиты рук. Позвоните нам, и профессиональный врач, отлично знающий особенности спортивной медицины, расскажет Вам, как быстро избавиться от боли и мозолей, а также предотвратить их появление в будущем.

Забудьте о травмах – сосредоточьтесь на результатах с защитой G-LOVES.


	Размерная сетка
	
		
			
			Размер
			
			
			Обхват ладони*
			
		
		
			
			XS
			
			
			менее 15 см
			
		
		
			
			S
			
			
			15-18 см
			
		
		
			
			M
			
			
			18-20 см
			
		
		
			
			L
			
			
			20-23 см
			
		
		
			
			XL
			
			
			25 и больше см
			
		
	


*Для правильного подбора размера, измерьте обхват ладони чуть ниже &quot;костяшки&quot; пальцев, не захватывая большой палец.",https://rocktape.ua/g-loves,https://rocktape.ua/image/cache/data/product/gloves_2-300x300.jpg,"955 UAH",new,"out of stock","RockTape (США)"
